{"v":"5.7.4","fr":25,"ip":0,"op":93,"w":2000,"h":2000,"nm":"Star Tile","ddd":0,"assets":[{"id":"comp_0","layers":[{"ddd":0,"ind":1,"ty":0,"nm":"Star 03","refId":"comp_1","sr":1,"ks":{"o":{"a":0,"k":100,"ix":11},"r":{"a":0,"k":0,"ix":10},"p":{"a":0,"k":[1921.048,80,0],"ix":2,"l":2},"a":{"a":0,"k":[240,240,0],"ix":1,"l":2},"s":{"a":0,"k":[32,32,100],"ix":6,"l":2}},"ao":0,"w":480,"h":480,"ip":0,"op":93,"st":0,"bm":0},{"ddd":0,"ind":2,"ty":0,"nm":"Star 03","refId":"comp_1","sr":1,"ks":{"o":{"a":0,"k":100,"ix":11},"r":{"a":0,"k":0,"ix":10},"p":{"a":0,"k":[1767.548,80,0],"ix":2,"l":2},"a":{"a":0,"k":[240,240,0],"ix":1,"l":2},"s":{"a":0,"k":[32,32,100],"ix":6,"l":2}},"ao":0,"w":480,"h":480,"ip":0,"op":93,"st":0,"bm":0},{"ddd":0,"ind":3,"ty":0,"nm":"Star 03","refId":"comp_1","sr":1,"ks":{"o":{"a":0,"k":100,"ix":11},"r":{"a":0,"k":0,"ix":10},"p":{"a":0,"k":[1614.048,80,0],"ix":2,"l":2},"a":{"a":0,"k":[240,240,0],"ix":1,"l":2},"s":{"a":0,"k":[32,32,100],"ix":6,"l":2}},"ao":0,"w":480,"h":480,"ip":0,"op":93,"st":0,"bm":0},{"ddd":0,"ind":4,"ty":0,"nm":"Star 03","refId":"comp_1","sr":1,"ks":{"o":{"a":0,"k":100,"ix":11},"r":{"a":0,"k":0,"ix":10},"p":{"a":0,"k":[1460.548,80,0],"ix":2,"l":2},"a":{"a":0,"k":[240,240,0],"ix":1,"l":2},"s":{"a":0,"k":[32,32,100],"ix":6,"l":2}},"ao":0,"w":480,"h":480,"ip":0,"op":93,"st":0,"bm":0},{"ddd":0,"ind":5,"ty":0,"nm":"Star 03","refId":"comp_1","sr":1,"ks":{"o":{"a":0,"k":100,"ix":11},"r":{"a":0,"k":0,"ix":10},"p":{"a":0,"k":[1307.048,80,0],"ix":2,"l":2},"a":{"a":0,"k":[240,240,0],"ix":1,"l":2},"s":{"a":0,"k":[32,32,100],"ix":6,"l":2}},"ao":0,"w":480,"h":480,"ip":0,"op":93,"st":0,"bm":0},{"ddd":0,"ind":6,"ty":0,"nm":"Star 03","refId":"comp_1","sr":1,"ks":{"o":{"a":0,"k":100,"ix":11},"r":{"a":0,"k":0,"ix":10},"p":{"a":0,"k":[1153.548,80,0],"ix":2,"l":2},"a":{"a":0,"k":[240,240,0],"ix":1,"l":2},"s":{"a":0,"k":[32,32,100],"ix":6,"l":2}},"ao":0,"w":480,"h":480,"ip":0,"op":93,"st":0,"bm":0},{"ddd":0,"ind":7,"ty":0,"nm":"Star 03","refId":"comp_1","sr":1,"ks":{"o":{"a":0,"k":100,"ix":11},"r":{"a":0,"k":0,"ix":10},"p":{"a":0,"k":[1000.048,80,0],"ix":2,"l":2},"a":{"a":0,"k":[240,240,0],"ix":1,"l":2},"s":{"a":0,"k":[32,32,100],"ix":6,"l":2}},"ao":0,"w":480,"h":480,"ip":0,"op":93,"st":0,"bm":0},{"ddd":0,"ind":8,"ty":0,"nm":"Star 03","refId":"comp_1","sr":1,"ks":{"o":{"a":0,"k":100,"ix":11},"r":{"a":0,"k":0,"ix":10},"p":{"a":0,"k":[846.548,80,0],"ix":2,"l":2},"a":{"a":0,"k":[240,240,0],"ix":1,"l":2},"s":{"a":0,"k":[32,32,100],"ix":6,"l":2}},"ao":0,"w":480,"h":480,"ip":0,"op":93,"st":0,"bm":0},{"ddd":0,"ind":9,"ty":0,"nm":"Star 03","refId":"comp_1","sr":1,"ks":{"o":{"a":0,"k":100,"ix":11},"r":{"a":0,"k":0,"ix":10},"p":{"a":0,"k":[693.048,80,0],"ix":2,"l":2},"a":{"a":0,"k":[240,240,0],"ix":1,"l":2},"s":{"a":0,"k":[32,32,100],"ix":6,"l":2}},"ao":0,"w":480,"h":480,"ip":0,"op":93,"st":0,"bm":0},{"ddd":0,"ind":10,"ty":0,"nm":"Star 03","refId":"comp_1","sr":1,"ks":{"o":{"a":0,"k":100,"ix":11},"r":{"a":0,"k":0,"ix":10},"p":{"a":0,"k":[539.548,80,0],"ix":2,"l":2},"a":{"a":0,"k":[240,240,0],"ix":1,"l":2},"s":{"a":0,"k":[32,32,100],"ix":6,"l":2}},"ao":0,"w":480,"h":480,"ip":0,"op":93,"st":0,"bm":0},{"ddd":0,"ind":11,"ty":0,"nm":"Star 03","refId":"comp_1","sr":1,"ks":{"o":{"a":0,"k":100,"ix":11},"r":{"a":0,"k":0,"ix":10},"p":{"a":0,"k":[386.048,80,0],"ix":2,"l":2},"a":{"a":0,"k":[240,240,0],"ix":1,"l":2},"s":{"a":0,"k":[32,32,100],"ix":6,"l":2}},"ao":0,"w":480,"h":480,"ip":0,"op":93,"st":0,"bm":0},{"ddd":0,"ind":12,"ty":0,"nm":"Star 03","refId":"comp_1","sr":1,"ks":{"o":{"a":0,"k":100,"ix":11},"r":{"a":0,"k":0,"ix":10},"p":{"a":0,"k":[232.548,80,0],"ix":2,"l":2},"a":{"a":0,"k":[240,240,0],"ix":1,"l":2},"s":{"a":0,"k":[32,32,100],"ix":6,"l":2}},"ao":0,"w":480,"h":480,"ip":0,"op":93,"st":0,"bm":0},{"ddd":0,"ind":13,"ty":0,"nm":"Star 03","refId":"comp_1","sr":1,"ks":{"o":{"a":0,"k":100,"ix":11},"r":{"a":0,"k":0,"ix":10},"p":{"a":0,"k":[79.048,80,0],"ix":2,"l":2},"a":{"a":0,"k":[240,240,0],"ix":1,"l":2},"s":{"a":0,"k":[32,32,100],"ix":6,"l":2}},"ao":0,"w":480,"h":480,"ip":0,"op":93,"st":0,"bm":0}]},{"id":"comp_1","layers":[{"ddd":0,"ind":1,"ty":4,"nm":"Layer 1 Outlines","sr":1,"ks":{"o":{"a":0,"k":100,"ix":11},"r":{"a":1,"k":[{"i":{"x":[0.4],"y":[1]},"o":{"x":[0.6],"y":[0]},"t":0,"s":[0]},{"i":{"x":[0.4],"y":[1]},"o":{"x":[0.6],"y":[0]},"t":18,"s":[20]},{"i":{"x":[0.4],"y":[1]},"o":{"x":[0.167],"y":[0]},"t":36,"s":[0]},{"i":{"x":[0.4],"y":[1]},"o":{"x":[0.6],"y":[0]},"t":46,"s":[0]},{"i":{"x":[0.4],"y":[1]},"o":{"x":[0.6],"y":[0]},"t":64,"s":[-20]},{"t":82,"s":[0]}],"ix":10},"p":{"a":0,"k":[240,240,0],"ix":2,"l":2},"a":{"a":0,"k":[168.25,168.25,0],"ix":1,"l":2},"s":{"a":0,"k":[140,140,100],"ix":6,"l":2}},"ao":0,"shapes":[{"ty":"gr","it":[{"ind":0,"ty":"sh","ix":1,"ks":{"a":0,"k":{"i":[[-0.153,15.912],[-162.14,0],[0,0],[0.153,-15.912],[162.141,0],[0,0]],"o":[[0.153,15.912],[0,0],[-162.14,0],[-0.153,-15.912],[0,0],[162.141,0]],"v":[[0,-168],[168,-0.01],[168,0.01],[0,168],[-168,0.01],[-168,-0.01]],"c":true},"ix":2},"nm":"Path 1","mn":"ADBE Vector Shape - Group","hd":false},{"ty":"fl","c":{"a":0,"k":[0.756862745098,0.956862745098,0.972549019608,1],"ix":4},"o":{"a":0,"k":100,"ix":5},"r":1,"bm":0,"nm":"Fill 1","mn":"ADBE Vector Graphic - Fill","hd":false},{"ty":"tr","p":{"a":0,"k":[168.25,168.25],"ix":2},"a":{"a":0,"k":[0,0],"ix":1},"s":{"a":0,"k":[100,100],"ix":3},"r":{"a":0,"k":0,"ix":6},"o":{"a":0,"k":100,"ix":7},"sk":{"a":0,"k":0,"ix":4},"sa":{"a":0,"k":0,"ix":5},"nm":"Transform"}],"nm":"Group 1","np":2,"cix":2,"bm":0,"ix":1,"mn":"ADBE Vector Group","hd":false}],"ip":0,"op":93,"st":0,"bm":0}]}],"layers":[{"ddd":0,"ind":1,"ty":0,"nm":"Star Row 01","refId":"comp_0","sr":1,"ks":{"o":{"a":0,"k":100,"ix":11},"r":{"a":0,"k":0,"ix":10},"p":{"a":0,"k":[1000,1920.187,0],"ix":2,"l":2},"a":{"a":0,"k":[1000,80,0],"ix":1,"l":2},"s":{"a":0,"k":[100,100,100],"ix":6,"l":2}},"ao":0,"w":2000,"h":160,"ip":0,"op":93,"st":0,"bm":0},{"ddd":0,"ind":2,"ty":0,"nm":"Star Row 01","refId":"comp_0","sr":1,"ks":{"o":{"a":0,"k":100,"ix":11},"r":{"a":0,"k":0,"ix":10},"p":{"a":0,"k":[1000,1766.687,0],"ix":2,"l":2},"a":{"a":0,"k":[1000,80,0],"ix":1,"l":2},"s":{"a":0,"k":[100,100,100],"ix":6,"l":2}},"ao":0,"w":2000,"h":160,"ip":0,"op":93,"st":0,"bm":0},{"ddd":0,"ind":3,"ty":0,"nm":"Star Row 01","refId":"comp_0","sr":1,"ks":{"o":{"a":0,"k":100,"ix":11},"r":{"a":0,"k":0,"ix":10},"p":{"a":0,"k":[1000,1613.187,0],"ix":2,"l":2},"a":{"a":0,"k":[1000,80,0],"ix":1,"l":2},"s":{"a":0,"k":[100,100,100],"ix":6,"l":2}},"ao":0,"w":2000,"h":160,"ip":0,"op":93,"st":0,"bm":0},{"ddd":0,"ind":4,"ty":0,"nm":"Star Row 01","refId":"comp_0","sr":1,"ks":{"o":{"a":0,"k":100,"ix":11},"r":{"a":0,"k":0,"ix":10},"p":{"a":0,"k":[1000,1459.687,0],"ix":2,"l":2},"a":{"a":0,"k":[1000,80,0],"ix":1,"l":2},"s":{"a":0,"k":[100,100,100],"ix":6,"l":2}},"ao":0,"w":2000,"h":160,"ip":0,"op":93,"st":0,"bm":0},{"ddd":0,"ind":5,"ty":0,"nm":"Star Row 01","refId":"comp_0","sr":1,"ks":{"o":{"a":0,"k":100,"ix":11},"r":{"a":0,"k":0,"ix":10},"p":{"a":0,"k":[1000,1306.187,0],"ix":2,"l":2},"a":{"a":0,"k":[1000,80,0],"ix":1,"l":2},"s":{"a":0,"k":[100,100,100],"ix":6,"l":2}},"ao":0,"w":2000,"h":160,"ip":0,"op":93,"st":0,"bm":0},{"ddd":0,"ind":6,"ty":0,"nm":"Star Row 01","refId":"comp_0","sr":1,"ks":{"o":{"a":0,"k":100,"ix":11},"r":{"a":0,"k":0,"ix":10},"p":{"a":0,"k":[1000,1152.687,0],"ix":2,"l":2},"a":{"a":0,"k":[1000,80,0],"ix":1,"l":2},"s":{"a":0,"k":[100,100,100],"ix":6,"l":2}},"ao":0,"w":2000,"h":160,"ip":0,"op":93,"st":0,"bm":0},{"ddd":0,"ind":7,"ty":0,"nm":"Star Row 01","refId":"comp_0","sr":1,"ks":{"o":{"a":0,"k":100,"ix":11},"r":{"a":0,"k":0,"ix":10},"p":{"a":0,"k":[1000,999.187,0],"ix":2,"l":2},"a":{"a":0,"k":[1000,80,0],"ix":1,"l":2},"s":{"a":0,"k":[100,100,100],"ix":6,"l":2}},"ao":0,"w":2000,"h":160,"ip":0,"op":93,"st":0,"bm":0},{"ddd":0,"ind":8,"ty":0,"nm":"Star Row 01","refId":"comp_0","sr":1,"ks":{"o":{"a":0,"k":100,"ix":11},"r":{"a":0,"k":0,"ix":10},"p":{"a":0,"k":[1000,845.687,0],"ix":2,"l":2},"a":{"a":0,"k":[1000,80,0],"ix":1,"l":2},"s":{"a":0,"k":[100,100,100],"ix":6,"l":2}},"ao":0,"w":2000,"h":160,"ip":0,"op":93,"st":0,"bm":0},{"ddd":0,"ind":9,"ty":0,"nm":"Star Row 01","refId":"comp_0","sr":1,"ks":{"o":{"a":0,"k":100,"ix":11},"r":{"a":0,"k":0,"ix":10},"p":{"a":0,"k":[1000,692.187,0],"ix":2,"l":2},"a":{"a":0,"k":[1000,80,0],"ix":1,"l":2},"s":{"a":0,"k":[100,100,100],"ix":6,"l":2}},"ao":0,"w":2000,"h":160,"ip":0,"op":93,"st":0,"bm":0},{"ddd":0,"ind":10,"ty":0,"nm":"Star Row 01","refId":"comp_0","sr":1,"ks":{"o":{"a":0,"k":100,"ix":11},"r":{"a":0,"k":0,"ix":10},"p":{"a":0,"k":[1000,538.687,0],"ix":2,"l":2},"a":{"a":0,"k":[1000,80,0],"ix":1,"l":2},"s":{"a":0,"k":[100,100,100],"ix":6,"l":2}},"ao":0,"w":2000,"h":160,"ip":0,"op":93,"st":0,"bm":0},{"ddd":0,"ind":11,"ty":0,"nm":"Star Row 01","refId":"comp_0","sr":1,"ks":{"o":{"a":0,"k":100,"ix":11},"r":{"a":0,"k":0,"ix":10},"p":{"a":0,"k":[1000,385.187,0],"ix":2,"l":2},"a":{"a":0,"k":[1000,80,0],"ix":1,"l":2},"s":{"a":0,"k":[100,100,100],"ix":6,"l":2}},"ao":0,"w":2000,"h":160,"ip":0,"op":93,"st":0,"bm":0},{"ddd":0,"ind":12,"ty":0,"nm":"Star Row 01","refId":"comp_0","sr":1,"ks":{"o":{"a":0,"k":100,"ix":11},"r":{"a":0,"k":0,"ix":10},"p":{"a":0,"k":[1000,231.687,0],"ix":2,"l":2},"a":{"a":0,"k":[1000,80,0],"ix":1,"l":2},"s":{"a":0,"k":[100,100,100],"ix":6,"l":2}},"ao":0,"w":2000,"h":160,"ip":0,"op":93,"st":0,"bm":0},{"ddd":0,"ind":13,"ty":0,"nm":"Star Row 01","refId":"comp_0","sr":1,"ks":{"o":{"a":0,"k":100,"ix":11},"r":{"a":0,"k":0,"ix":10},"p":{"a":0,"k":[1000,78.187,0],"ix":2,"l":2},"a":{"a":0,"k":[1000,80,0],"ix":1,"l":2},"s":{"a":0,"k":[100,100,100],"ix":6,"l":2}},"ao":0,"w":2000,"h":160,"ip":0,"op":93,"st":0,"bm":0}],"markers":[]}